1.823914170265197754e+00,8.196311187744140625e+01,2.530679016113281250e+02,2.140978088378906250e+02,3.057127990722656250e+02,5.593762207031250000e+01,3.454013671875000000e+02,1.499750823974609375e+02,2.001264190673828125e+02,2.434769630432128906e+01,3.722691955566406250e+02,2.200802001953125000e+02,6.307125091552734375e-01,9.410882592201232910e-01,2.846671342849731445e-01,4.319478273391723633e-01,9.340481162071228027e-01,6.435244679450988770e-01,9.670827388763427734e-01,8.009940385818481445e-02,7.122637033462524414e-01,3.311719894409179688e-01,9.838917851448059082e-01,9.293034076690673828e-01,7.801453471183776855e-01,6.412223577499389648e-01,9.907528758049011230e-01,8.229259252548217773e-01,6.610453724861145020e-01,9.050171375274658203e-01,5.406428575515747070e-01,3.150971531867980957e-01,2.684265971183776855e-01,9.522188305854797363e-01,7.324373126029968262e-01,2.897116541862487793e-01,8.841273784637451172e-01,1.261546015739440918e-01,2.473844289779663086e-01,7.473958730697631836e-01,9.508510231971740723e-01,7.130712270736694336e-01,8.602271676063537598e-01,9.054130315780639648e-02,7.229637503623962402e-01,5.558590292930603027e-01,7.117556929588317871e-01,8.176588416099548340e-01,7.242163419723510742e-01,3.453783988952636719e-01,8.769025802612304688e-01,6.506181955337524414e-01,1.941922307014465332e-01,5.344692468643188477e-01,3.774405121803283691e-01,4.165724515914916992e-01,1.582095026969909668e-01,2.951398491859436035e-01,8.868963718414306641e-01,7.443801760673522949e-01,9.882575869560241699e-01,9.260239005088806152e-01,6.551606059074401855e-01,1.161488890647888184e-01,2.171426415443420410e-01,8.037943840026855469e-01,2.248975038528442383e-01,8.729814887046813965e-01,1.659805774688720703e-01,8.652690052986145020e-01,2.009790539741516113e-01,1.275796890258789062e-01,7.351247668266296387e-01,6.907970309257507324e-01,2.178264856338500977e-01,5.910833477973937988e-01,9.460359811782836914e-02,3.740639686584472656e-01,7.975001335144042969e-01,6.761639118194580078e-01,2.338179349899291992e-01,9.352865219116210938e-01,8.721599578857421875e-01,7.807429432868957520e-01,7.707350254058837891e-01,5.730322599411010742e-01,2.066779732704162598e-01,2.549584507942199707e-01,4.169917106628417969e-02,1.409351825714111328e-01,4.127761721611022949e-01,7.642405629158020020e-01,1.053481698036193848e-01,7.673124074935913086e-01,4.861360788345336914e-02,7.187974452972412109e-01,6.718235015869140625e-01,4.944716095924377441e-01,6.615884304046630859e-01,7.230173945426940918e-01
4.220439910888671875e+00,8.610302734375000000e+01,2.700856628417968750e+02,2.165276336669921875e+02,3.038512573242187500e+02,4.479566574096679688e+01,3.541926574707031250e+02,1.577258300781250000e+02,3.006940307617187500e+02,4.989525604248046875e+01,3.512500915527343750e+02,1.565523834228515625e+02,8.497157096862792969e+00,1.385795745849609375e+02,2.167073364257812500e+02,2.172461853027343750e+02,1.264982757568359375e+02,1.215896797180175781e+01,4.970000000000000000e+02,2.145624389648437500e+02,1.920617675781250000e+02,2.010487937927246094e+01,3.670949096679687500e+02,2.202499237060546875e+02,0.000000000000000000e+00,2.358231544494628906e+01,3.437118530273437500e+02,2.074863586425781250e+02,1.361845731735229492e-01,8.077422380447387695e-01,3.239554762840270996e-01,9.298529028892517090e-01,8.470259308815002441e-01,9.365421533584594727e-01,5.196807384490966797e-01,8.476570248603820801e-01,7.564083337783813477e-01,2.098686695098876953e-01,6.612941026687622070e-01,1.035928726196289062e-02,1.532512903213500977e-01,5.805737376213073730e-01,5.221309661865234375e-01,8.402845263481140137e-01,5.515007376670837402e-01,5.111528635025024414e-01,7.999478578567504883e-01,8.096873760223388672e-03,1.871357560157775879e-01,4.428905844688415527e-01,5.805198550224304199e-01,3.446093797683715820e-01,6.966908574104309082e-01,2.213827967643737793e-01,5.765640735626220703e-02,7.920492291450500488e-01,8.247140049934387207e-01,9.082889556884765625e-02,9.441706538200378418e-01,2.975596189498901367e-01,5.354529619216918945e-02,1.047526597976684570e-01,6.300494074821472168e-01,7.640417218208312988e-01,9.078806638717651367e-01,8.884687423706054688e-01,7.961983084678649902e-01,7.374477386474609375e-02,6.805550456047058105e-01,7.266368865966796875e-01,5.349351763725280762e-01,2.353196144104003906e-01,9.216162562370300293e-01,9.316399693489074707e-01,7.498441338539123535e-01,5.160927176475524902e-01,3.577437996864318848e-01,5.238571166992187500e-01,2.206993103027343750e-02,1.183888912200927734e-01,5.150685906410217285e-01,2.246142625808715820e-01,6.020265221595764160e-01,4.642254114151000977e-02,3.120271563529968262e-01,2.636340856552124023e-01,6.752120256423950195e-01,8.792153000831604004e-01,6.077886223793029785e-01,3.936268687248229980e-01,3.229918479919433594e-01,5.454713106155395508e-02,9.990087747573852539e-01,3.355350494384765625e-01,3.943513631820678711e-01,5.809374451637268066e-01,8.839605450630187988e-01,2.212361693382263184e-01,4.758162498474121094e-01,4.257504940032958984e-01
2.403637170791625977e+00,8.313720703125000000e+01,2.515638427734375000e+02,2.154886932373046875e+02,3.047525329589843750e+02,4.554022216796875000e+01,3.548018493652343750e+02,1.581634216308593750e+02,5.584910869598388672e+00,1.391360931396484375e+02,2.156038665771484375e+02,2.170612030029296875e+02,3.015785217285156250e+02,5.009288406372070312e+01,3.517584228515625000e+02,1.568787536621093750e+02,1.524430847167968750e+02,1.306616497039794922e+01,3.600460205078125000e+02,2.228661041259765625e+02,1.770478439331054688e+01,5.741664505004882812e+01,2.623692932128906250e+02,2.133895721435546875e+02,3.083987236022949219e+01,5.215560531616210938e+01,2.716866760253906250e+02,2.204633331298828125e+02,0.000000000000000000e+00,4.078007125854492188e+01,3.402146606445312500e+02,1.852722625732421875e+02,3.213074803352355957e-01,4.499915242195129395e-01,4.362073540687561035e-01,7.694621682167053223e-01,4.023127555847167969e-01,8.118218183517456055e-02,1.934481859207153320e-01,6.194482445716857910e-01,3.036255836486816406e-01,8.543986082077026367e-01,7.132701277732849121e-01,1.779525876045227051e-01,7.068582773208618164e-01,4.791944026947021484e-01,7.774404287338256836e-01,8.851468563079833984e-03,9.029226899147033691e-01,4.918615221977233887e-01,1.751274466514587402e-01,3.139945864677429199e-01,2.469602227210998535e-01,7.946074604988098145e-01,6.672118306159973145e-01,3.120424747467041016e-01,7.886431813240051270e-01,4.236240983009338379e-01,1.960546374320983887e-01,2.076400518417358398e-01,3.506919145584106445e-01,9.621359705924987793e-01,5.775918364524841309e-01,3.993557691574096680e-01,6.782056689262390137e-01,3.494614362716674805e-02,9.352661371231079102e-01,5.586838722229003906e-02,3.804353475570678711e-01,1.313436627388000488e-01,9.032012224197387695e-01,7.822239398956298828e-02,2.095344662666320801e-01,8.752283453941345215e-01,2.346332073211669922e-01,4.935898184776306152e-01,8.610859513282775879e-01,5.184404253959655762e-01,5.168751478195190430e-01,1.292701959609985352e-01,9.904081821441650391e-01,2.185121178627014160e-01,7.148817181587219238e-01,6.524706482887268066e-01,2.448179721832275391e-01,9.990907311439514160e-01,3.149783015251159668e-01,6.108930110931396484e-01,9.121802449226379395e-01,7.783403992652893066e-01,1.327695250511169434e-01,2.340435981750488281e-03,9.564800858497619629e-01,6.453436613082885742e-01,7.392674684524536133e-02,8.922885656356811523e-01,6.648659706115722656e-02,3.033454418182373047e-01,5.662068128585815430e-01,8.120251893997192383e-01
3.144226074218750000e+00,8.194725799560546875e+01,2.543296051025390625e+02,2.139259490966796875e+02,1.599775886535644531e+01,1.423279571533203125e+02,2.161092376708984375e+02,2.165841979980468750e+02,3.017972106933593750e+02,4.850923538208007812e+01,3.572065734863281250e+02,1.507073669433593750e+02,1.910219268798828125e+02,2.404952239990234375e+01,3.654229431152343750e+02,2.217420501708984375e+02,3.021029968261718750e+02,5.680840682983398438e+01,3.518543395996093750e+02,1.542921600341796875e+02,1.577681541442871094e+01,3.127497291564941406e+01,3.445031738281250000e+02,2.199279632568359375e+02,0.000000000000000000e+00,4.272862625122070312e+01,3.383138732910156250e+02,1.837019500732421875e+02,3.021940307617187500e+02,5.489707946777343750e+01,3.515377807617187500e+02,1.589539184570312500e+02,3.124497532844543457e-01,1.211691498756408691e-01,5.479128360748291016e-01,2.895331978797912598e-01,7.469749450683593750e-02,2.474632263183593750e-01,8.696670532226562500e-01,2.571258544921875000e-01,2.350307703018188477e-01,9.907003045082092285e-01,3.450000882148742676e-01,3.702966570854187012e-01,7.525031566619873047e-01,7.155448794364929199e-01,1.862704753875732422e-02,2.425507307052612305e-01,4.757118225097656250e-02,4.808534383773803711e-01,1.788144111633300781e-01,6.170370578765869141e-01,5.261781811714172363e-01,7.345893383026123047e-01,8.425799012184143066e-01,6.976339221000671387e-01,8.025205135345458984e-02,4.613076448440551758e-01,2.693560719490051270e-01,3.217932581901550293e-01,9.600752592086791992e-02,3.620675206184387207e-01,6.606479883193969727e-01,9.967461824417114258e-01,4.124714136123657227e-01,3.237196207046508789e-01,4.321526885032653809e-01,6.058597564697265625e-01,7.211381196975708008e-02,1.210374236106872559e-01,6.849386692047119141e-01,1.978129148483276367e-01,5.032983422279357910e-01,2.191160321235656738e-01,4.805107116699218750e-01,1.494961977005004883e-02,3.670328855514526367e-01,3.444106578826904297e-01,5.955191254615783691e-01,7.631586790084838867e-01,2.377163767814636230e-01,8.136427402496337891e-01,7.930424809455871582e-01,6.422630548477172852e-01,8.763656020164489746e-01,8.085415363311767578e-01,1.286255121231079102e-01,5.982841849327087402e-01,2.868067622184753418e-01,6.334615349769592285e-01,3.904942870140075684e-01,4.571356177330017090e-01,2.598227858543395996e-01,6.119760274887084961e-01,9.838266968727111816e-01,1.942354440689086914e-01,5.366903543472290039e-01,6.982226967811584473e-01,1.253152489662170410e-01,4.714662432670593262e-01
3.184687137603759766e+00,9.143443298339843750e+01,2.500225219726562500e+02,2.150449676513671875e+02,3.027149353027343750e+02,4.947955703735351562e+01,3.595822143554687500e+02,1.511576385498046875e+02,1.927720031738281250e+02,2.784947204589843750e+01,3.651427001953125000e+02,2.211697235107421875e+02,2.358827667236328125e+02,5.839719390869140625e+01,2.815964660644531250e+02,1.028211441040039062e+02,3.020993347167968750e+02,5.757651519775390625e+01,3.525369873046875000e+02,1.553778839111328125e+02,1.544846153259277344e+01,2.835255241394042969e+01,3.557783508300781250e+02,2.195808868408203125e+02,3.045485839843750000e+02,5.499497985839843750e+01,3.518255920410156250e+02,1.541019897460937500e+02,4.941133499145507812e+01,1.430398559570312500e+02,2.284368896484375000e+02,2.176660003662109375e+02,0.000000000000000000e+00,4.511643600463867188e+01,3.387366943359375000e+02,1.818131713867187500e+02,4.952815175056457520e-01,8.005305528640747070e-01,4.258332252502441406e-01,8.119814991950988770e-01,2.731415629386901855e-01,2.407534122467041016e-01,6.637101173400878906e-01,4.762098193168640137e-01,2.334916591644287109e-02,7.228815555572509766e-01,1.455223560333251953e-01,5.743863582611083984e-01,1.788836717605590820e-02,1.521443128585815430e-01,6.877006292343139648e-01,3.962745666503906250e-01,2.265834212303161621e-01,6.793359518051147461e-01,4.149371385574340820e-01,3.490260839462280273e-01,3.055155277252197266e-03,9.233003854751586914e-02,3.855717182159423828e-01,7.219333648681640625e-01,7.118248343467712402e-01,5.527324676513671875e-01,2.178605794906616211e-01,1.726967096328735352e-02,8.146789073944091797e-01,6.409806013107299805e-01,5.100063681602478027e-01,4.292168617248535156e-01,4.658533334732055664e-01,3.380016684532165527e-01,6.111773252487182617e-01,9.050106406211853027e-01,7.905304431915283203e-01,9.065814018249511719e-01,1.558904647827148438e-01,5.441344976425170898e-01,2.113074064254760742e-01,1.606388688087463379e-01,6.465121507644653320e-01,3.072873950004577637e-01,3.606199622154235840e-01,4.086853861808776855e-01,4.479054808616638184e-01,7.230302095413208008e-01,7.494834065437316895e-01,1.523467302322387695e-01,4.065648317337036133e-01,8.578705787658691406e-02,3.544054627418518066e-01,8.748021721839904785e-01,9.169543385505676270e-01,4.208428263664245605e-01,7.870103120803833008e-01,4.420009255409240723e-01,5.096445083618164062e-01,4.867680072784423828e-01,4.344876408576965332e-01,3.015186190605163574e-01,2.984698414802551270e-01,1.284541487693786621e-01
1.800235986709594727e+00,8.961760711669921875e+01,2.530028839111328125e+02,2.145635833740234375e+02,4.657843589782714844e+00,1.418281707763671875e+02,2.172041931152343750e+02,2.161746368408203125e+02,3.038713073730468750e+02,5.087393569946289062e+01,3.600671691894531250e+02,1.510204010009765625e+02,1.934310455322265625e+02,2.895640563964843750e+01,3.643201599121093750e+02,2.213555450439453125e+02,3.030729980468750000e+02,5.591535949707031250e+01,3.534328613281250000e+02,1.571542968750000000e+02,1.264993000030517578e+01,2.991221618652343750e+01,3.532800598144531250e+02,2.203656311035156250e+02,0.000000000000000000e+00,4.450780868530273438e+01,3.415727539062500000e+02,1.821817626953125000e+02,2.501090168952941895e-01,1.076520681381225586e-01,3.773854374885559082e-01,9.958899617195129395e-01,2.435215711593627930e-01,7.566373944282531738e-01,9.757032990455627441e-01,9.472330808639526367e-01,4.699137210845947266e-01,9.674115180969238281e-01,7.615069746971130371e-01,4.742980003356933594e-01,2.495712041854858398e-01,2.866202592849731445e-02,9.836115241050720215e-01,3.514141440391540527e-01,8.171973228454589844e-01,2.183401584625244141e-02,1.283463835716247559e-01,4.390713572502136230e-01,1.542839407920837402e-01,3.167743086814880371e-01,2.176527976989746094e-01,1.589969396591186523e-01,5.444428920745849609e-01,2.859765291213989258e-01,3.499628901481628418e-01,1.314315795898437500e-01,7.414325475692749023e-01,1.921371221542358398e-01,8.758365511894226074e-01,3.933836221694946289e-01,9.545207023620605469e-02,4.705017805099487305e-01,5.546310544013977051e-01,6.297962069511413574e-01,2.941663265228271484e-01,5.019383430480957031e-01,4.123521447181701660e-01,7.808551192283630371e-01,9.733067154884338379e-01,3.391304612159729004e-01,4.603546261787414551e-01,1.372625827789306641e-01,6.553767919540405273e-01,6.886600852012634277e-01,4.161193966865539551e-01,4.528641700744628906e-03,5.359881520271301270e-01,1.718973517417907715e-01,7.388733625411987305e-01,1.645075678825378418e-01,9.609600305557250977e-01,6.922977566719055176e-01,2.801835536956787109e-02,6.305987238883972168e-01,1.748464107513427734e-01,3.037911653518676758e-02,1.500503420829772949e-01,2.520591616630554199e-01,1.403389573097229004e-01,5.363462567329406738e-01,1.238282322883605957e-01,2.007159590721130371e-01,9.424910545349121094e-01,9.625298380851745605e-01,6.100262999534606934e-01,2.947285771369934082e-01,4.048591852188110352e-02,1.747182011604309082e-01,8.032624721527099609e-01,6.468619108200073242e-01
3.010929584503173828e+00,3.714872741699218750e+01,3.010579528808593750e+02,2.128920135498046875e+02,3.061310729980468750e+02,4.940822601318359375e+01,3.600909729003906250e+02,1.550543365478515625e+02,4.969414710998535156e+00,1.416623687744140625e+02,2.170447235107421875e+02,2.157922668457031250e+02,1.936850891113281250e+02,2.598906135559082031e+01,3.637375793457031250e+02,2.211566619873046875e+02,4.427499389648437500e+01,5.143953704833984375e+01,2.789578247070312500e+02,2.183592376708984375e+02,3.043452148437500000e+02,5.912815856933593750e+01,3.563971252441406250e+02,1.574171600341796875e+02,3.321585998535156250e+02,9.470262908935546875e+01,3.509861450195312500e+02,1.541710052490234375e+02,5.347070693969726562e-01,6.656115055084228516e-01,7.683804631233215332e-01,7.452155351638793945e-01,5.617117881774902344e-01,8.376253843307495117e-01,8.084613084793090820e-02,4.821860790252685547e-02,6.761853098869323730e-01,3.682090044021606445e-01,9.580637216567993164e-01,4.708319902420043945e-01,8.645267486572265625e-01,7.763702869415283203e-01,9.875358343124389648e-01,5.210790634155273438e-01,5.573154091835021973e-01,5.952221751213073730e-01,3.663151264190673828e-01,3.083568811416625977e-01,1.090424656867980957e-01,5.497285723686218262e-01,7.386428117752075195e-01,8.480530381202697754e-01,8.567196726799011230e-01,3.087432384490966797e-01,7.997882366180419922e-01,4.594948291778564453e-01,4.439651966094970703e-03,3.179260492324829102e-01,9.295825362205505371e-01,1.934882998466491699e-01,2.164399623870849609e-01,5.295019745826721191e-01,4.866896271705627441e-01,2.357267737388610840e-01,3.585287332534790039e-01,4.768539667129516602e-01,2.272320389747619629e-01,1.206951141357421875e-01,2.665691971778869629e-01,5.988037586212158203e-01,4.630026817321777344e-01,8.859680891036987305e-01,7.750327587127685547e-01,4.575560092926025391e-01,1.152738928794860840e-01,6.333055496215820312e-01,8.385142087936401367e-01,5.925475358963012695e-01,4.019734263420104980e-01,7.325290441513061523e-01,8.265770077705383301e-01,3.643876314163208008e-02,7.456297874450683594e-01,3.128262758255004883e-01,3.297433257102966309e-01,4.800187349319458008e-01,1.734934449195861816e-01,6.386485695838928223e-01,6.415084600448608398e-01,1.791219115257263184e-01,3.376743793487548828e-01,5.974178910255432129e-01,5.881916880607604980e-01,6.536868810653686523e-01,8.195025324821472168e-01,7.103818058967590332e-01,3.057321906089782715e-01,4.900658130645751953e-01,8.303761482238769531e-03,5.978981852531433105e-01
6.114409923553466797e+00,7.238585662841796875e+01,2.659822082519531250e+02,2.140242919921875000e+02,3.072775878906250000e+02,5.164846420288085938e+01,3.618850402832031250e+02,1.569320220947265625e+02,1.393544673919677734e+01,1.446331787109375000e+02,2.165714721679687500e+02,2.165575408935546875e+02,1.976574707031250000e+02,2.939619445800781250e+01,3.663052062988281250e+02,2.212092590332031250e+02,3.247037887573242188e+01,7.392334747314453125e+01,2.633370056152343750e+02,2.185096282958984375e+02,5.419421792030334473e-01,2.253516316413879395e-01,5.039640069007873535e-01,9.947216510772705078e-01,6.957017183303833008e-01,6.933091282844543457e-01,4.352026581764221191e-01,7.235978841781616211e-01,1.266973018646240234e-01,7.519674301147460938e-01,3.323472142219543457e-01,2.271811962127685547e-01,3.117271065711975098e-01,1.093565821647644043e-01,1.575769782066345215e-01,4.113053083419799805e-01,9.496875405311584473e-01,2.837751507759094238e-01,9.347716569900512695e-01,8.076856136322021484e-01,1.077622771263122559e-01,8.812316656112670898e-01,1.782100200653076172e-01,9.639394879341125488e-01,1.959378719329833984e-01,9.840589761734008789e-01,9.875811934471130371e-01,2.311337590217590332e-01,9.406677484512329102e-01,4.459725618362426758e-01,8.004044294357299805e-01,4.520331025123596191e-01,2.057751417160034180e-01,1.355904340744018555e-01,5.422427058219909668e-01,3.855099081993103027e-01,7.985784411430358887e-01,4.466968774795532227e-02,4.860835075378417969e-01,5.785793066024780273e-02,3.408014774322509766e-01,5.122901797294616699e-01,8.793953657150268555e-01,6.269017457962036133e-01,4.979560375213623047e-01,1.967298388481140137e-01,4.470248222351074219e-01,9.290252327919006348e-01,6.396064758300781250e-01,6.723157763481140137e-01,9.053874015808105469e-02,7.129433155059814453e-01,4.416862726211547852e-01,2.405797839164733887e-01,4.276560544967651367e-01,3.983422517776489258e-01,9.200206995010375977e-01,1.739190816879272461e-01,1.747875213623046875e-01,4.041355848312377930e-01,8.846442103385925293e-01,9.837647080421447754e-01,6.426224112510681152e-01,8.120784759521484375e-01,8.114504814147949219e-02,8.322957754135131836e-01,6.314365863800048828e-01,8.854299187660217285e-01,1.311719417572021484e-01,8.158546090126037598e-01,6.145404577255249023e-01,6.656911373138427734e-01,5.077689886093139648e-01,6.015708446502685547e-01,9.134012460708618164e-02,5.288724303245544434e-01,8.331708312034606934e-01,9.118972420692443848e-01,3.017848730087280273e-02,9.808496236801147461e-01
8.719783782958984375e+00,7.392610931396484375e+01,2.632385559082031250e+02,2.132510833740234375e+02,3.090283813476562500e+02,5.240908050537109375e+01,3.613212280273437500e+02,1.585928192138671875e+02,5.127049237489700317e-02,1.432120971679687500e+02,2.169429321289062500e+02,2.157241210937500000e+02,1.963016357421875000e+02,3.035339736938476562e+01,3.641417846679687500e+02,2.209139862060546875e+02,4.485534286499023438e+01,5.390457916259765625e+01,2.749411010742187500e+02,2.191064300537109375e+02,3.624934005737304688e+01,6.155953216552734375e+01,2.646573181152343750e+02,2.101107482910156250e+02,6.666805744171142578e-01,3.447644710540771484e-01,7.853185534477233887e-01,6.515412330627441406e-01,7.369421720504760742e-01,8.609811067581176758e-01,1.869716644287109375e-01,4.937046766281127930e-02,2.805563807487487793e-01,4.619897007942199707e-01,8.196251392364501953e-01,5.984198451042175293e-01,6.685835123062133789e-02,1.743316054344177246e-01,2.604943513870239258e-01,5.269927382469177246e-01,6.853839755058288574e-01,5.221145153045654297e-01,2.405278682708740234e-01,1.555984616279602051e-01,3.792255520820617676e-01,3.333262801170349121e-01,1.823304891586303711e-01,1.523447036743164062e-01,5.404043793678283691e-01,2.628852725028991699e-01,8.620943427085876465e-01,6.724480986595153809e-01,1.522785425186157227e-02,1.104967594146728516e-01,1.739510893821716309e-01,5.549931526184082031e-01,1.025293469429016113e-01,2.292314767837524414e-01,4.018707275390625000e-01,7.315585613250732422e-01,6.059323549270629883e-01,8.558679223060607910e-01,5.358505249023437500e-02,4.143942594528198242e-01,1.685635447502136230e-01,8.431407213211059570e-01,5.605018138885498047e-01,3.916652798652648926e-01,5.157754421234130859e-01,7.751652598381042480e-01,2.619291543960571289e-01,7.708653807640075684e-01,1.400019526481628418e-01,4.473081231117248535e-01,1.858492493629455566e-01,9.967107176780700684e-01,1.185004711151123047e-01,5.440516471862792969e-01,6.626123189926147461e-01,3.539867401123046875e-01,2.294524312019348145e-01,7.378086447715759277e-01,6.591834425926208496e-01,6.437844038009643555e-01,4.093364477157592773e-01,9.538447856903076172e-01,4.699966311454772949e-01,2.874664664268493652e-01,7.206427454948425293e-01,1.206274032592773438e-01,4.697545170783996582e-01,5.920090079307556152e-01,2.503952383995056152e-01,2.110050916671752930e-01,3.752959370613098145e-01,3.477143645286560059e-01,9.217560291290283203e-03,6.143966913223266602e-01,2.648521661758422852e-01,8.865379691123962402e-01
6.418540000915527344e+00,8.141789245605468750e+01,2.579606628417968750e+02,2.128083801269531250e+02,0.000000000000000000e+00,1.441705932617187500e+02,2.137002868652343750e+02,2.166125793457031250e+02,1.972306365966796875e+02,3.240647506713867188e+01,3.627741699218750000e+02,2.208273925781250000e+02,2.198893165588378906e+01,3.902260589599609375e+01,3.487520751953125000e+02,2.172622528076171875e+02,3.072909851074218750e+02,6.034381866455078125e+01,3.576606445312500000e+02,1.598578338623046875e+02,3.569526076316833496e-01,8.814202547073364258e-01,8.897228837013244629e-01,6.943511962890625000e-02,2.465432882308959961e-01,4.053390026092529297e-02,5.187742114067077637e-01,7.693935632705688477e-01,1.317019462585449219e-01,8.248271346092224121e-01,3.024047017097473145e-01,9.468793869018554688e-04,9.810790419578552246e-01,6.940423250198364258e-01,9.376484155654907227e-01,8.882595300674438477e-01,6.540017724037170410e-01,8.580973148345947266e-01,6.539411544799804688e-01,8.421738147735595703e-01,8.972265720367431641e-01,7.516150474548339844e-01,5.812381505966186523e-01,6.027820706367492676e-01,2.493762373924255371e-01,9.421354532241821289e-02,2.003031969070434570e-01,2.629764676094055176e-01,5.276815891265869141e-01,2.235692739486694336e-01,9.905864000320434570e-01,4.660685062408447266e-01,4.222308397293090820e-01,5.322434902191162109e-01,8.317879438400268555e-01,7.756131887435913086e-01,7.204774022102355957e-01,3.443663716316223145e-01,3.230434656143188477e-01,3.086516261100769043e-01,3.550599217414855957e-01,2.275319099426269531e-01,9.141797423362731934e-01,8.671017289161682129e-01,9.197758436203002930e-01,5.971282720565795898e-02,4.240874052047729492e-01,8.306313753128051758e-01,3.023358583450317383e-01,8.338205814361572266e-01,4.517247676849365234e-01,4.836019277572631836e-01,9.202510714530944824e-01,1.894056797027587891e-03,1.783838868141174316e-01,1.751205325126647949e-01,4.925317764282226562e-01,1.715877056121826172e-01,9.205751419067382812e-01,2.677347064018249512e-01,9.943479299545288086e-01,1.240026950836181641e-01,7.066763043403625488e-01,4.657263159751892090e-01,2.786156535148620605e-01,6.433624029159545898e-01,4.435262084007263184e-01,4.528291821479797363e-01,8.328462243080139160e-01,7.936657667160034180e-01,1.215553283691406250e-02,2.740501165390014648e-01,6.456410884857177734e-02,7.852244377136230469e-01,9.646302461624145508e-02,9.830828905105590820e-01,4.303060770034790039e-01,8.975581526756286621e-01,5.947685837745666504e-01,9.673232436180114746e-01
0.000000000000000000e+00,1.437610473632812500e+02,2.152152709960937500e+02,2.162060699462890625e+02,5.828155517578125000e+00,6.257568359375000000e+01,2.976011962890625000e+02,2.017690734863281250e+02,1.979661407470703125e+02,3.371261215209960938e+01,3.634443969726562500e+02,2.204275817871093750e+02,6.720271110534667969e-01,3.238064050674438477e-01,6.568831205368041992e-01,8.376082777976989746e-01,7.393113970756530762e-01,7.014461755752563477e-01,3.059806227684020996e-01,3.322014212608337402e-01,8.267686963081359863e-01,5.026233792304992676e-01,7.689744234085083008e-02,9.352024793624877930e-01,6.772065758705139160e-01,1.072300076484680176e-01,4.511117339134216309e-01,6.531760692596435547e-01,4.169785380363464355e-01,3.585896492004394531e-01,5.981447100639343262e-01,1.428632140159606934e-01,7.807596921920776367e-01,4.153370857238769531e-01,6.932383775711059570e-01,8.503308296203613281e-01,5.709553956985473633e-01,1.366584300994873047e-01,8.630739450454711914e-01,8.040112257003784180e-01,2.649979591369628906e-01,6.490945816040039062e-01,8.554395437240600586e-01,5.289739966392517090e-01,2.710701227188110352e-01,9.003634452819824219e-01,6.837993860244750977e-02,1.101256012916564941e-01,6.218286156654357910e-01,4.941664338111877441e-01,5.172398090362548828e-01,5.056252479553222656e-01,7.655074596405029297e-01,8.528432250022888184e-01,5.809488296508789062e-01,8.977855443954467773e-01,4.945005774497985840e-01,1.937642693519592285e-01,8.555607199668884277e-01,5.747181177139282227e-01,5.922825336456298828e-01,6.127504706382751465e-01,1.814777851104736328e-01,9.827421903610229492e-01,9.781140685081481934e-01,8.297713994979858398e-01,9.145385026931762695e-02,9.411296248435974121e-01,6.650519371032714844e-02,7.406603693962097168e-01,3.039656877517700195e-01,9.140307903289794922e-01,5.117063522338867188e-01,2.443079352378845215e-01,6.011497378349304199e-01,6.130574345588684082e-01,7.286836504936218262e-01,4.932185411453247070e-01,1.752991080284118652e-01,7.189255952835083008e-01,1.850163340568542480e-01,5.188066363334655762e-01,5.183928012847900391e-01,1.118364334106445312e-01,1.699090003967285156e-02,7.547569274902343750e-02,7.060261964797973633e-01,8.634499907493591309e-01,7.796852588653564453e-01,1.341810822486877441e-01,5.904513001441955566e-01,2.813864350318908691e-01,2.771985530853271484e-02,8.242138624191284180e-01,3.715565800666809082e-01,1.170320510864257812e-01,7.909236550331115723e-01,9.186394810676574707e-01,1.741528511047363281e-02,4.806583523750305176e-01
4.329045295715332031e+00,3.736393737792968750e+01,3.051164245605468750e+02,2.130395812988281250e+02,1.899956054687500000e+02,3.034302902221679688e+01,3.629102478027343750e+02,2.199686737060546875e+02,4.137380981445312500e+01,5.677347564697265625e+01,2.775125732421875000e+02,2.184435272216796875e+02,3.076604003906250000e+02,6.343069839477539062e+01,3.575624694824218750e+02,1.591647644042968750e+02,5.911239981651306152e-01,1.352145996093750000e+02,2.143525085449218750e+02,2.172398529052734375e+02,3.071184387207031250e+02,6.405027008056640625e+01,3.591520080566406250e+02,1.651705627441406250e+02,6.081525087356567383e-01,6.539402008056640625e-01,9.418215751647949219e-01,8.492898344993591309e-01,1.607511639595031738e-01,2.218660116195678711e-01,7.312117815017700195e-01,2.747988104820251465e-01,3.518798351287841797e-01,2.455067634582519531e-01,4.091504812240600586e-01,9.953609108924865723e-01,1.151965260505676270e-01,4.521154165267944336e-01,4.459255933761596680e-02,5.136569142341613770e-01,9.952806830406188965e-01,8.487294912338256836e-01,4.699478149414062500e-01,3.486497998237609863e-01,4.020782113075256348e-01,3.766784071922302246e-01,9.783547520637512207e-01,9.971967339515686035e-01,1.435196399688720703e-02,8.367323875427246094e-01,4.122772812843322754e-01,6.233528256416320801e-01,6.007920503616333008e-01,6.331497430801391602e-02,9.151414036750793457e-01,6.294289231300354004e-01,5.108898282051086426e-01,8.858399987220764160e-01,6.382154822349548340e-01,5.678219795227050781e-01,2.702563405036926270e-01,4.386451840400695801e-01,9.854590892791748047e-02,5.284631252288818359e-01,9.008626937866210938e-01,8.335495591163635254e-01,3.712824583053588867e-01,7.351534366607666016e-01,9.113031625747680664e-02,2.518897652626037598e-01,8.871879577636718750e-01,8.237739801406860352e-01,4.897358417510986328e-01,1.884928345680236816e-01,8.194011449813842773e-01,5.924701094627380371e-01,5.778191089630126953e-01,9.231724739074707031e-01,8.113068342208862305e-01,5.214722752571105957e-01,3.008661866188049316e-01,8.804377913475036621e-01,5.021809339523315430e-01,3.375155329704284668e-01,2.500082850456237793e-01,2.912007570266723633e-01,2.577012181282043457e-01,1.420171856880187988e-01,9.675124883651733398e-01,2.479578256607055664e-01,3.473089933395385742e-01,9.270749688148498535e-01,7.482683658599853516e-02,4.081358313560485840e-01,9.624135494232177734e-01,8.756498694419860840e-01,9.584251046180725098e-01,7.337439656257629395e-01,8.127599954605102539e-02,9.545330405235290527e-01
3.647691726684570312e+00,1.081831970214843750e+02,2.360745544433593750e+02,2.163358459472656250e+02,3.086967468261718750e+02,6.279993438720703125e+01,3.592245178222656250e+02,1.681916046142578125e+02,1.892751770019531250e+02,3.460650253295898438e+01,3.641062316894531250e+02,2.199057464599609375e+02,1.624509930610656738e+00,2.788238143920898438e+01,2.907046508789062500e+02,2.124905548095703125e+02,2.168781585693359375e+02,7.209075927734375000e+01,3.608931274414062500e+02,1.983778991699218750e+02,3.080766906738281250e+02,6.367866134643554688e+01,3.577431335449218750e+02,1.580326385498046875e+02,4.680532836914062500e+01,6.141079711914062500e+01,2.822805786132812500e+02,2.165205993652343750e+02,1.854038238525390625e+01,1.537971954345703125e+02,2.143661804199218750e+02,2.193960266113281250e+02,3.077535705566406250e+02,6.633132171630859375e+01,3.581959533691406250e+02,1.709675598144531250e+02,5.279394984245300293e-01,9.989771842956542969e-01,8.631620407104492188e-01,6.047787666320800781e-01,1.235829591751098633e-01,2.018013596534729004e-01,7.582780718803405762e-01,5.085526704788208008e-01,4.929065704345703125e-03,9.224416017532348633e-01,9.986340999603271484e-01,8.285788893699645996e-01,1.679302453994750977e-01,5.186378359794616699e-01,6.013177633285522461e-01,1.135976314544677734e-01,1.913104653358459473e-01,8.529931306838989258e-02,4.713513851165771484e-01,3.930423259735107422e-01,9.407152533531188965e-01,7.167491912841796875e-01,7.636094093322753906e-02,6.850802898406982422e-01,4.213287234306335449e-01,5.750346183776855469e-01,8.563894629478454590e-01,6.174318194389343262e-01,3.092477321624755859e-01,7.531905174255371094e-02,6.128003001213073730e-01,7.776363492012023926e-01,9.266879558563232422e-01,5.788023471832275391e-01,5.322494506835937500e-01,6.521450877189636230e-01,7.281455397605895996e-01,4.155316948890686035e-01,4.044377803802490234e-02,7.884021997451782227e-01,1.394462585449218750e-01,1.463653445243835449e-01,1.419026851654052734e-01,3.994521498680114746e-01,2.352766990661621094e-01,8.488245606422424316e-01,6.878879070281982422e-01,8.482354879379272461e-01,4.235624074935913086e-01,6.310715079307556152e-01,5.992348194122314453e-01,6.663186550140380859e-01,6.348930597305297852e-01,8.106185197830200195e-01,5.408987998962402344e-01,8.360955715179443359e-01,3.883368372917175293e-01,6.850934624671936035e-01,4.187838435173034668e-01,9.965263009071350098e-01,1.290254592895507812e-01,4.347640275955200195e-01,1.290823817253112793e-01,6.397846341133117676e-01
3.113824157714843750e+02,6.033362960815429688e+01,3.646828002929687500e+02,1.675603179931640625e+02,1.852778167724609375e+02,3.484867095947265625e+01,3.658684997558593750e+02,2.213466796875000000e+02,1.401176166534423828e+01,7.335920715332031250e+01,2.731202697753906250e+02,2.114665374755859375e+02,0.000000000000000000e+00,1.455667266845703125e+02,2.154715881347656250e+02,2.158898925781250000e+02,4.754540634155273438e+01,6.132403945922851562e+01,2.840799560546875000e+02,2.149857940673828125e+02,2.158677673339843750e+02,6.825225067138671875e+01,3.659965515136718750e+02,1.967447814941406250e+02,3.088525695800781250e+02,6.594827270507812500e+01,3.595743103027343750e+02,1.703268127441406250e+02,3.084709777832031250e+02,6.381307220458984375e+01,3.599372558593750000e+02,1.675207061767578125e+02,8.355095982551574707e-01,6.057980060577392578e-01,2.602847218513488770e-01,6.812326908111572266e-01,1.279882788658142090e-01,3.076523542404174805e-02,4.992754459381103516e-01,1.553907990455627441e-01,9.992584586143493652e-01,7.552946209907531738e-01,1.055987477302551270e-01,2.440513968467712402e-01,2.963707447052001953e-01,1.199548840522766113e-01,5.389694571495056152e-01,6.451504230499267578e-01,9.596084952354431152e-01,2.949860692024230957e-01,5.330321788787841797e-01,1.746399998664855957e-01,7.925406694412231445e-01,8.194332122802734375e-01,5.689519047737121582e-01,8.806688189506530762e-01,7.259956002235412598e-01,1.021692752838134766e-01,3.436980843544006348e-01,6.990578174591064453e-01,8.887658119201660156e-01,6.217107176780700684e-01,3.947611451148986816e-01,6.674621105194091797e-01,2.646272182464599609e-01,4.494561553001403809e-01,9.292463660240173340e-01,4.937099218368530273e-01,5.602550506591796875e-02,6.319531798362731934e-01,7.072259187698364258e-01,2.581316232681274414e-01,5.877903103828430176e-01,4.404205083847045898e-02,4.676950573921203613e-01,4.216781258583068848e-01,5.063518881797790527e-01,5.755149126052856445e-01,4.134539961814880371e-01,3.588119745254516602e-01,8.813157081604003906e-01,8.280712366104125977e-02,5.110455751419067383e-01,6.050192117691040039e-01,3.782086968421936035e-01,4.446804523468017578e-03,6.770020723342895508e-02,5.987750291824340820e-01,5.465579032897949219e-02,1.514221429824829102e-01,1.734303236007690430e-01,1.902518272399902344e-01,5.441733598709106445e-01,4.110926389694213867e-01,9.630348086357116699e-01,9.252269268035888672e-01,4.680329561233520508e-01,7.859268784523010254e-01,6.960761547088623047e-02,6.664047837257385254e-01
3.089206237792968750e+02,6.587144470214843750e+01,3.635778198242187500e+02,1.653148040771484375e+02,1.831618804931640625e+02,3.547768402099609375e+01,3.681719055175781250e+02,2.212850799560546875e+02,5.395151901245117188e+01,6.548277282714843750e+01,2.890853271484375000e+02,2.149325561523437500e+02,3.105704345703125000e+02,6.502489471435546875e+01,3.631422119140625000e+02,1.647137451171875000e+02,8.033958435058593750e+00,9.059143066406250000e+01,2.637300720214843750e+02,2.130081787109375000e+02,2.698357105255126953e-01,1.338693695068359375e+02,2.141835784912109375e+02,2.168837738037109375e+02,3.105278320312500000e+02,6.661872863769531250e+01,3.626972045898437500e+02,1.667786865234375000e+02,6.763522028923034668e-01,6.136171817779541016e-01,8.252166509628295898e-01,9.760236740112304688e-02,7.813696265220642090e-01,1.652526259422302246e-01,5.445094704627990723e-01,1.300520300865173340e-01,3.744499683380126953e-01,1.704096794128417969e-02,1.987544298171997070e-01,7.767959833145141602e-01,9.484851360321044922e-02,6.302235126495361328e-01,9.361791014671325684e-01,8.325605988502502441e-01,6.682444810867309570e-01,9.161544442176818848e-01,3.487757444381713867e-01,6.877549886703491211e-01,9.240471720695495605e-01,6.825678348541259766e-01,9.949501752853393555e-01,1.576912403106689453e-02,6.658446788787841797e-02,8.402377367019653320e-02,4.851207137107849121e-01,1.919854283332824707e-01,4.448050856590270996e-01,3.264223337173461914e-01,2.476627826690673828e-01,4.716062545776367188e-02,6.419426798820495605e-01,8.342965245246887207e-01,8.911647200584411621e-01,3.493600487709045410e-01,7.354372739791870117e-01,6.634348034858703613e-01,2.189866304397583008e-01,3.180485963821411133e-02,2.945858240127563477e-01,8.444210886955261230e-01,1.576355099678039551e-01,6.886985898017883301e-01,2.496284842491149902e-01,7.956022024154663086e-02,8.981442451477050781e-02,7.466298937797546387e-01,7.845135331153869629e-01,5.043465495109558105e-01,5.005806684494018555e-01,7.981644868850708008e-01,6.312552690505981445e-01,9.369748234748840332e-01,3.246479034423828125e-01,2.373361587524414062e-02,5.712193846702575684e-01,8.333065509796142578e-01,4.950708150863647461e-02,3.212836384773254395e-01,1.714709401130676270e-01,4.292324185371398926e-01,5.366418361663818359e-01,1.574246287345886230e-01,6.357151269912719727e-02,4.811887145042419434e-01,4.787033200263977051e-01,7.231541275978088379e-01,6.395620107650756836e-02,9.000090956687927246e-01,3.712833523750305176e-01,8.161225914955139160e-01
1.889133300781250000e+02,3.733322525024414062e+01,3.681142883300781250e+02,2.202782592773437500e+02,3.102215881347656250e+02,6.824652862548828125e+01,3.636775817871093750e+02,1.662987365722656250e+02,3.113307800292968750e+02,6.770169067382812500e+01,3.619142761230468750e+02,1.653566131591796875e+02,4.385914325714111328e+00,1.074861831665039062e+02,2.416994476318359375e+02,2.166354675292968750e+02,5.168248748779296875e+01,6.365186309814453125e+01,2.845025329589843750e+02,2.168659667968750000e+02,3.594156980514526367e+00,4.368032455444335938e+01,3.004699401855468750e+02,2.132806854248046875e+02,3.111402282714843750e+02,6.903408813476562500e+01,3.616708068847656250e+02,1.673322143554687500e+02,3.108807678222656250e+02,6.621578216552734375e+01,3.606561584472656250e+02,1.682912139892578125e+02,4.193220901489257812e+01,6.923255157470703125e+01,2.742232360839843750e+02,2.093412933349609375e+02,6.713866591453552246e-01,1.025981903076171875e-01,9.228115081787109375e-01,8.555719256401062012e-01,9.264945387840270996e-01,7.440176606178283691e-01,7.050206661224365234e-01,6.767340302467346191e-01,1.705496907234191895e-01,9.326439499855041504e-01,6.221519112586975098e-01,6.470581293106079102e-01,1.084901094436645508e-01,3.263238072395324707e-01,6.933999061584472656e-01,5.344105958938598633e-01,1.423900723457336426e-01,9.977352619171142578e-02,3.013008832931518555e-01,3.642333149909973145e-01,9.863135814666748047e-01,4.485852718353271484e-01,3.780467510223388672e-01,1.408467888832092285e-01,6.495374441146850586e-02,6.894700527191162109e-01,3.516893386840820312e-01,2.530083656311035156e-01,8.110368847846984863e-01,8.732202649116516113e-01,6.045300364494323730e-01,2.874400019645690918e-01,7.260013222694396973e-01,4.290499091148376465e-01,6.038389205932617188e-01,1.072694063186645508e-01,5.553811192512512207e-01,3.576362133026123047e-01,6.049780249595642090e-01,4.137384891510009766e-01,3.784580230712890625e-01,1.092717647552490234e-01,7.449609041213989258e-01,9.649100899696350098e-01,2.377158403396606445e-02,3.059270381927490234e-01,9.485823512077331543e-01,8.261162638664245605e-01,8.271806240081787109e-01,7.179896235466003418e-01,2.446129918098449707e-01,6.825881004333496094e-01,6.655464768409729004e-01,9.983336925506591797e-01,1.015940904617309570e-01,3.557988405227661133e-01,5.327682495117187500e-01,3.891494870185852051e-01,2.960290312767028809e-01,7.954228520393371582e-01,7.424021363258361816e-01,4.909952282905578613e-01,9.591990709304809570e-01,8.736754059791564941e-01
4.802126693725585938e+01,6.193910217285156250e+01,2.850584716796875000e+02,2.162022705078125000e+02,5.263827323913574219e+00,8.825003051757812500e+01,2.669880981445312500e+02,2.114501800537109375e+02,3.119064636230468750e+02,7.323986053466796875e+01,3.635807800292968750e+02,1.659060211181640625e+02,1.497273406982421875e+02,2.698812103271484375e+01,4.016935729980468750e+02,2.235485076904296875e+02,3.106011047363281250e+02,7.172916412353515625e+01,3.657035217285156250e+02,1.672079467773437500e+02,0.000000000000000000e+00,1.475954132080078125e+02,2.174245758056640625e+02,2.166546325683593750e+02,3.123369445800781250e+02,7.326937866210937500e+01,3.640729064941406250e+02,1.672270202636718750e+02,5.065482854843139648e-01,9.448343515396118164e-01,1.777962446212768555e-01,3.869891166687011719e-03,4.289685487747192383e-01,5.745494961738586426e-01,3.311203122138977051e-01,8.263060450553894043e-01,2.302417755126953125e-01,3.977906703948974609e-01,2.677605748176574707e-01,3.196437954902648926e-01,1.401126384735107422e-02,2.485436797142028809e-01,5.194157361984252930e-02,4.627084732055664062e-01,6.591381430625915527e-01,9.940499067306518555e-01,4.347001314163208008e-01,4.071792960166931152e-01,3.791226744651794434e-01,7.730537652969360352e-01,5.958378314971923828e-01,4.162845015525817871e-01,6.014727950096130371e-01,1.096162199974060059e-01,6.257307529449462891e-01,5.330522060394287109e-01,8.511555790901184082e-01,2.627956867218017578e-01,7.558852434158325195e-02,4.369900226593017578e-01,6.893784403800964355e-01,7.506259083747863770e-01,2.695375084877014160e-01,9.769878983497619629e-01,2.853986620903015137e-01,9.376046061515808105e-01,8.846249580383300781e-01,4.030521512031555176e-01,8.518358469009399414e-01,2.720357179641723633e-01,1.190943717956542969e-01,1.786148548126220703e-01,7.135654091835021973e-01,7.328274846076965332e-01,4.579702615737915039e-01,3.198409080505371094e-02,8.516118526458740234e-01,6.423594355583190918e-01,2.357698678970336914e-01,4.781419038772583008e-02,2.112941145896911621e-01,6.343742012977600098e-01,7.090126872062683105e-01,6.942880153656005859e-02,5.761939287185668945e-01,2.837170958518981934e-01,9.139462113380432129e-01,3.647602200508117676e-01,9.315831065177917480e-01,8.128144145011901855e-01,7.550524473190307617e-01,6.913281083106994629e-01,8.915889263153076172e-01,5.178545117378234863e-01,1.533436775207519531e-02,6.840020418167114258e-02,9.630663990974426270e-01,7.964438796043395996e-01,1.234868764877319336e-01,4.926552772521972656e-01
3.119790649414062500e+02,6.736396789550781250e+01,3.698270263671875000e+02,1.652354583740234375e+02,8.981711387634277344e+00,8.331396484375000000e+01,2.741973571777343750e+02,2.113224792480468750e+02,1.491058807373046875e+02,3.128376770019531250e+01,3.985608215332031250e+02,2.226436157226562500e+02,0.000000000000000000e+00,1.483298645019531250e+02,2.154465789794921875e+02,2.166254425048828125e+02,3.562910079956054688e+01,8.914906311035156250e+01,2.774595947265625000e+02,2.146256713867187500e+02,2.225382690429687500e+02,7.633640289306640625e+01,3.658007202148437500e+02,1.931817321777343750e+02,1.658098602294921875e+01,6.481431579589843750e+01,2.781950073242187500e+02,1.995087890625000000e+02,8.219740986824035645e-01,5.758415460586547852e-01,4.538568854331970215e-01,2.306749224662780762e-01,4.359495639801025391e-01,6.240339279174804688e-01,4.983938336372375488e-01,9.334045648574829102e-02,7.551011443138122559e-01,7.575960159301757812e-01,2.258784174919128418e-01,2.158800959587097168e-01,1.563385128974914551e-01,4.550474286079406738e-01,1.995740532875061035e-01,2.376228570938110352e-02,7.883327603340148926e-01,8.556720614433288574e-01,9.408607482910156250e-01,5.088137388229370117e-01,2.769303321838378906e-01,9.646111726760864258e-02,3.032049536705017090e-01,6.488776803016662598e-01,8.575673103332519531e-01,1.959787011146545410e-01,5.025635957717895508e-01,6.166611909866333008e-01,9.486364722251892090e-01,9.752143621444702148e-01,2.737841010093688965e-01,1.344920992851257324e-01,8.781093955039978027e-01,4.727342724800109863e-01,2.257782220840454102e-02,9.504911899566650391e-01,9.745426774024963379e-01,1.278355717658996582e-01,5.630224347114562988e-01,8.924921154975891113e-01,3.102015256881713867e-01,1.510288715362548828e-01,1.346969604492187500e-01,8.574367165565490723e-01,5.358356833457946777e-01,9.389289617538452148e-01,6.241383552551269531e-01,4.520933032035827637e-01,4.792066216468811035e-01,6.280410289764404297e-02,8.741289377212524414e-01,3.277625441551208496e-01,4.647265076637268066e-01,3.263086080551147461e-01,5.499081015586853027e-01,9.205095171928405762e-01,4.103371500968933105e-01,4.762482047080993652e-01,7.788070440292358398e-01,8.827757239341735840e-01,9.660887122154235840e-01,9.381136298179626465e-01,4.646062850952148438e-01,7.682492733001708984e-01,3.032682538032531738e-01,2.615256309509277344e-01,8.265224695205688477e-01,8.545673489570617676e-01,8.645493984222412109e-01,1.009578704833984375e-01,5.746204853057861328e-01,7.879245281219482422e-01
3.133147277832031250e+02,6.956253814697265625e+01,3.717355957031250000e+02,1.676499938964843750e+02,4.592735671997070312e+01,6.315418624877929688e+01,2.899876403808593750e+02,2.175475616455078125e+02,5.556158065795898438e+00,8.811912536621093750e+01,2.677045288085937500e+02,2.129637145996093750e+02,1.496943664550781250e+02,3.498653793334960938e+01,4.005290527343750000e+02,2.225940246582031250e+02,0.000000000000000000e+00,1.467484130859375000e+02,2.174069824218750000e+02,2.167455902099609375e+02,2.216007385253906250e+02,7.694748687744140625e+01,3.656224060058593750e+02,1.983988037109375000e+02,1.405972099304199219e+01,6.584439086914062500e+01,2.765939025878906250e+02,2.003266906738281250e+02,3.143819580078125000e+02,7.215895843505859375e+01,3.656313476562500000e+02,1.691368103027343750e+02,2.452020645141601562e-01,1.175022125244140625e-02,4.449963569641113281e-03,7.669078707695007324e-01,4.536582827568054199e-01,9.098052978515625000e-02,9.004969596862792969e-01,9.231871962547302246e-01,5.110646486282348633e-01,9.949072599411010742e-01,6.494522094726562500e-02,6.755765676498413086e-01,1.112470626831054688e-01,8.472431898117065430e-01,1.316321492195129395e-01,9.729240536689758301e-01,8.628329634666442871e-01,7.256506681442260742e-01,2.814208269119262695e-01,1.036282181739807129e-01,5.357851982116699219e-01,8.401763439178466797e-01,1.409623026847839355e-01,8.296781778335571289e-01,5.600810050964355469e-02,3.475061655044555664e-01,6.475440859794616699e-01,9.525676369667053223e-01,9.554624557495117188e-05,9.123459458351135254e-01,4.057207703590393066e-01,1.315496563911437988e-01,4.888322353363037109e-01,4.228200316429138184e-01,8.474787473678588867e-01,6.602201461791992188e-01,7.820429205894470215e-01,5.907385945320129395e-01,8.686389327049255371e-01,2.023711800575256348e-01,4.049992561340332031e-01,1.248315572738647461e-01,1.449432373046875000e-01,7.954152822494506836e-01,9.178988933563232422e-01,8.795977830886840820e-01,4.286978244781494141e-01,7.325145006179809570e-01,3.490934967994689941e-01,7.331420183181762695e-01,1.994585990905761719e-01,7.980253696441650391e-01,2.092899680137634277e-01,9.818214178085327148e-01,5.769229531288146973e-01,8.258159756660461426e-01,8.667668104171752930e-01,2.436576485633850098e-01,1.928398609161376953e-01,4.966113567352294922e-01,7.112711668014526367e-02,4.612138271331787109e-01,7.819280028343200684e-01,6.522896289825439453e-01,5.268360972404479980e-01,6.887407898902893066e-01,8.313602805137634277e-01,5.593215823173522949e-01
3.140252380371093750e+02,7.174645996093750000e+01,3.708812866210937500e+02,1.708735504150390625e+02,7.904894828796386719e+00,8.726689147949218750e+01,2.658297119140625000e+02,2.118952636718750000e+02,4.851247787475585938e+01,6.380293273925781250e+01,2.873242492675781250e+02,2.188546295166015625e+02,1.525265808105468750e+02,3.672105407714843750e+01,3.995020751953125000e+02,2.218954162597656250e+02,0.000000000000000000e+00,1.377474060058593750e+02,2.165840759277343750e+02,2.167492523193359375e+02,2.085808258056640625e+02,7.360940551757812500e+01,3.762648925781250000e+02,2.085935058593750000e+02,3.149839477539062500e+02,7.299089050292968750e+01,3.661614379882812500e+02,1.707737121582031250e+02,1.525166273117065430e+00,7.425489044189453125e+01,2.902319335937500000e+02,2.087898864746093750e+02,3.152926025390625000e+02,7.542797088623046875e+01,3.662608337402343750e+02,1.735529937744140625e+02,4.889833927154541016e-02,9.594267606735229492e-02,9.860441088676452637e-01,2.949988842010498047e-01,9.675980806350708008e-01,5.119885802268981934e-01,1.248102784156799316e-01,4.509349465370178223e-01,7.357726693153381348e-01,1.494177579879760742e-01,8.420656323432922363e-01,5.578219890594482422e-03,2.222856283187866211e-01,8.097326159477233887e-01,7.501100301742553711e-01,4.681616425514221191e-01,9.277297854423522949e-01,6.327052116394042969e-01,8.321887254714965820e-02,5.110712647438049316e-01,2.789396047592163086e-02,8.761687278747558594e-01,7.288015484809875488e-01,2.480348348617553711e-01,8.110265731811523438e-01,8.714735507965087891e-02,6.240500211715698242e-01,1.982707381248474121e-01,6.132960319519042969e-02,3.594982028007507324e-01,9.276950359344482422e-02,2.691119313240051270e-01,2.215048074722290039e-01,3.301497697830200195e-01,4.233458042144775391e-01,7.533823847770690918e-01,6.263403296470642090e-01,8.731496334075927734e-01,4.734973311424255371e-01,7.128236889839172363e-01,4.900454282760620117e-01,3.644549846649169922e-02,6.591457724571228027e-01,8.119372725486755371e-01,3.018755316734313965e-01,1.329638957977294922e-01,8.724626898765563965e-01,6.912082433700561523e-01,2.120695710182189941e-01,3.873035311698913574e-01,5.562559962272644043e-01,8.137119412422180176e-01,5.800961852073669434e-01,7.502430677413940430e-01,9.359363317489624023e-01,2.198719978332519531e-01,2.381892204284667969e-01,5.479490756988525391e-01,6.209825873374938965e-01,7.326382398605346680e-01,1.423395872116088867e-01,5.066685676574707031e-01,6.314534544944763184e-01,5.821663141250610352e-01
3.140647277832031250e+02,7.315217590332031250e+01,3.708566284179687500e+02,1.727542877197265625e+02,2.434415340423583984e+00,1.206960525512695312e+02,2.305232849121093750e+02,2.170314483642578125e+02,3.565324544906616211e+00,5.188899993896484375e+01,2.910268249511718750e+02,2.148580932617187500e+02,3.129130554199218750e+02,7.784580230712890625e+01,3.697579040527343750e+02,1.767798919677734375e+02,1.656671752929687500e+02,4.376671981811523438e+01,3.950133056640625000e+02,2.225110015869140625e+02,4.631888580322265625e+01,6.862601470947265625e+01,2.846061096191406250e+02,2.181834106445312500e+02,2.154445495605468750e+02,7.770071411132812500e+01,3.742293395996093750e+02,2.074649810791015625e+02,3.135382995605468750e+02,7.888745117187500000e+01,3.694683227539062500e+02,1.782678070068359375e+02,7.310305023193359375e+01,1.154406433105468750e+02,2.512041320800781250e+02,1.952662506103515625e+02,3.830508804321289062e+01,7.263078308105468750e+01,2.756479492187500000e+02,2.103491973876953125e+02,9.157006740570068359e-01,8.051857352256774902e-01,3.355195522308349609e-01,3.594952821731567383e-02,5.922475457191467285e-01,9.048815965652465820e-01,7.817806005477905273e-01,3.016532063484191895e-01,1.521850228309631348e-01,5.976874828338623047e-01,7.018362879753112793e-01,5.025276541709899902e-01,7.929509282112121582e-01,7.703928947448730469e-01,6.208174228668212891e-01,5.146275758743286133e-01,4.676309227943420410e-01,5.550613403320312500e-01,3.641300797462463379e-01,4.419375658035278320e-01,1.475232839584350586e-01,4.273008108139038086e-01,9.885888099670410156e-01,4.758589863777160645e-01,3.549030423164367676e-01,2.122024297714233398e-01,6.658824086189270020e-01,7.758163213729858398e-01,7.564544677734375000e-01,1.107506155967712402e-01,5.111284255981445312e-01,3.342778086662292480e-01,9.881925582885742188e-01,2.706134915351867676e-01,1.454145312309265137e-01,6.105896234512329102e-01,1.055246591567993164e-02,4.844874739646911621e-01,6.807565689086914062e-01,2.982874512672424316e-01,1.707770824432373047e-01,7.793129682540893555e-01,5.478592514991760254e-01,6.963154077529907227e-01,5.229980945587158203e-01,7.319210767745971680e-01,5.720633268356323242e-01,8.045178055763244629e-01,8.521417379379272461e-01,4.039686918258666992e-01,7.535024881362915039e-01,4.410254359245300293e-01,2.447807788848876953e-01,1.016237735748291016e-01,9.326834678649902344e-01,9.766639471054077148e-01,9.972759485244750977e-01,4.511106014251708984e-01,3.398650884628295898e-01,9.370443224906921387e-01
1.124632568359375000e+02,5.828624725341796875e+01,3.821973266601562500e+02,2.167433776855468750e+02,2.871511697769165039e+00,1.231136398315429688e+02,2.172946472167968750e+02,2.174883117675781250e+02,3.139758605957031250e+02,7.970970153808593750e+01,3.697214050292968750e+02,1.769505004882812500e+02,1.246716117858886719e+01,6.916438293457031250e+01,2.743853454589843750e+02,2.044985351562500000e+02,3.330787658691406250e+01,7.681598663330078125e+01,2.751066284179687500e+02,2.178625640869140625e+02,3.143863220214843750e+02,8.016714477539062500e+01,3.695710449218750000e+02,1.786550292968750000e+02,3.128274536132812500e+02,8.045167541503906250e+01,3.708980102539062500e+02,1.784685363769531250e+02,8.089156150817871094e-01,2.475064992904663086e-02,8.999977111816406250e-01,1.485680937767028809e-01,2.722415328025817871e-01,8.615623116493225098e-01,1.358126401901245117e-01,9.836038351058959961e-01,9.283643960952758789e-02,3.231564760208129883e-01,5.381000638008117676e-01,4.151809215545654297e-02,7.544386386871337891e-01,4.062780141830444336e-01,9.273737668991088867e-01,9.667144417762756348e-01,6.214284300804138184e-01,1.982399821281433105e-01,3.283061981201171875e-01,8.832617402076721191e-01,8.626602888107299805e-01,7.850363850593566895e-01,2.271873354911804199e-01,2.657977938652038574e-01,2.417430877685546875e-01,5.220690369606018066e-01,7.758629322052001953e-02,6.512532234191894531e-01,6.854921579360961914e-02,2.872105240821838379e-01,1.573258638381958008e-01,3.313660621643066406e-02,2.449479699134826660e-01,2.451106309890747070e-01,6.381875276565551758e-02,8.384041190147399902e-01,1.285582780838012695e-01,3.110289573669433594e-02,4.196839928627014160e-01,5.979069471359252930e-01,1.472445726394653320e-01,5.656073093414306641e-01,3.427262902259826660e-01,1.142517328262329102e-01,2.172189950942993164e-01,3.892713785171508789e-02,4.084339141845703125e-01,1.095850467681884766e-01,9.173245429992675781e-01,9.001441001892089844e-01,5.429686307907104492e-01,3.714164495468139648e-01,1.677805185317993164e-01,6.026809215545654297e-01,6.675545573234558105e-01,8.778930902481079102e-01,7.336120009422302246e-01,9.508746266365051270e-01,6.057950854301452637e-01,7.631838321685791016e-01,1.085832118988037109e-01,8.761180639266967773e-01,7.480645775794982910e-01,5.654186010360717773e-02,4.207615852355957031e-01,6.337004303932189941e-01,4.141299724578857422e-01,5.345771908760070801e-01,7.217472195625305176e-01,5.734335184097290039e-01,1.918044090270996094e-01,5.378022193908691406e-01
1.673104095458984375e+02,6.290650177001953125e+01,3.766074218750000000e+02,2.217753753662109375e+02,3.761961364746093750e+01,6.532608032226562500e+01,2.903635864257812500e+02,2.185604858398437500e+02,2.170365295410156250e+02,8.236653900146484375e+01,3.677956542968750000e+02,2.076936645507812500e+02,8.845388412475585938e+00,7.094071960449218750e+01,2.761132507324218750e+02,2.047551116943359375e+02,9.677106142044067383e-01,1.380338897705078125e+02,2.086289825439453125e+02,2.168534088134765625e+02,3.126761474609375000e+02,8.063163757324218750e+01,3.714439392089843750e+02,1.752873992919921875e+02,7.267546653747558594e-01,6.990715265274047852e-01,6.831212639808654785e-01,3.118102550506591797e-01,5.918860435485839844e-02,7.794553041458129883e-02,5.223892331123352051e-01,9.141191840171813965e-01,8.452051877975463867e-01,2.940495014190673828e-01,9.344625473022460938e-01,4.976034164428710938e-03,4.827331304550170898e-01,1.375582814216613770e-01,5.242168903350830078e-02,6.188626289367675781e-01,2.885972857475280762e-01,3.849115967750549316e-01,7.611343264579772949e-01,1.942145824432373047e-02,9.825527071952819824e-01,3.689960837364196777e-01,2.930491566658020020e-01,8.242016434669494629e-01,4.008741378784179688e-01,9.268734455108642578e-01,6.094174981117248535e-01,2.153435945510864258e-01,2.732819318771362305e-01,1.347985863685607910e-01,4.839870929718017578e-01,6.868338584899902344e-01,2.558473944664001465e-01,2.879791855812072754e-01,6.248466372489929199e-01,3.611621260643005371e-01,1.965016126632690430e-02,7.530425786972045898e-01,3.432257175445556641e-01,3.215773105621337891e-01,7.455914616584777832e-01,9.059412479400634766e-01,6.705890297889709473e-01,2.081590890884399414e-02,6.026929616928100586e-02,7.568871974945068359e-01,5.608279109001159668e-01,9.776654839515686035e-01,9.400374293327331543e-01,9.918686747550964355e-01,3.308053016662597656e-01,9.626017212867736816e-01,6.230302453041076660e-01,9.169499278068542480e-01,6.718093156814575195e-01,4.139521718025207520e-01,8.831936120986938477e-01,7.300302982330322266e-01,7.528493404388427734e-01,9.896560311317443848e-01,4.495280385017395020e-01,3.689453601837158203e-01,2.688708901405334473e-01,5.335013866424560547e-01,3.887147307395935059e-01,6.237822771072387695e-02,4.661977291107177734e-01,5.902991890907287598e-01,8.778673410415649414e-01,7.728028297424316406e-01,5.839756131172180176e-01,6.424087285995483398e-02,5.216958522796630859e-01,3.954621553421020508e-01,6.516137123107910156e-01,4.126329421997070312e-01
1.440644531250000000e+02,4.765336990356445312e+01,3.667057800292968750e+02,2.213636474609375000e+02,4.234967803955078125e+01,7.056851959228515625e+01,2.849176330566406250e+02,2.184518127441406250e+02,3.548268556594848633e+00,9.533367156982421875e+01,2.585504455566406250e+02,2.151450958251953125e+02,2.361976470947265625e+02,8.827388000488281250e+01,3.657323913574218750e+02,2.016154937744140625e+02,4.139639282226562500e+01,6.652054595947265625e+01,3.799210815429687500e+02,2.083536834716796875e+02,2.708540678024291992e+00,1.422154083251953125e+02,2.066342315673828125e+02,2.165725708007812500e+02,3.145908813476562500e+02,7.910557556152343750e+01,3.727556762695312500e+02,1.870016937255859375e+02,1.377748298645019531e+01,7.973085021972656250e+01,2.827963256835937500e+02,2.083812255859375000e+02,7.405037283897399902e-01,5.007728338241577148e-01,2.457088232040405273e-02,5.035947561264038086e-01,9.792698621749877930e-01,9.575748443603515625e-02,2.609865069389343262e-01,3.093286156654357910e-01,4.271742701530456543e-01,2.405111193656921387e-01,4.836261272430419922e-01,3.281992077827453613e-01,4.007405042648315430e-02,9.927659630775451660e-01,8.695381879806518555e-01,1.908842921257019043e-01,4.079142212867736816e-01,3.675830364227294922e-02,7.398094534873962402e-01,4.949122667312622070e-01,2.633914947509765625e-01,5.067223906517028809e-01,6.329936385154724121e-01,5.950238108634948730e-01,4.208326339721679688e-03,5.781900882720947266e-01,8.113414049148559570e-02,8.754068017005920410e-01,5.660992860794067383e-02,6.146242022514343262e-01,5.126835703849792480e-01,9.663192629814147949e-01,9.349014759063720703e-01,1.426475644111633301e-01,3.836691379547119141e-02,8.332027792930603027e-01,2.317805886268615723e-01,2.169150114059448242e-02,2.680475115776062012e-01,5.630483627319335938e-01,7.996798157691955566e-01,3.508682847023010254e-01,2.825450897216796875e-02,9.446689486503601074e-01,4.412017464637756348e-01,7.410970926284790039e-01,1.082471609115600586e-01,1.437866091728210449e-01,9.409242272377014160e-01,9.313043951988220215e-01,4.449377059936523438e-01,1.381899714469909668e-01,5.415740609169006348e-01,2.883076667785644531e-02,3.352507948875427246e-01,7.293725013732910156e-02,2.434590458869934082e-01,8.582931756973266602e-01,5.411928892135620117e-02,5.246427655220031738e-01,2.110475897789001465e-01,4.141128659248352051e-01,7.489528656005859375e-01,2.818962931632995605e-01,5.978623628616333008e-01,9.333606362342834473e-01,9.621576070785522461e-01,4.992668032646179199e-01
1.361002655029296875e+02,6.817966461181640625e+01,3.753622436523437500e+02,2.169839782714843750e+02,7.414389133453369141e+00,9.343199157714843750e+01,2.808355102539062500e+02,2.162228393554687500e+02,3.623320770263671875e+01,1.140406188964843750e+02,2.789532470703125000e+02,2.207594299316406250e+02,7.865412139892578125e+01,1.544752502441406250e+02,2.075867614746093750e+02,2.155292510986328125e+02,7.774637603759765625e+01,1.136893005371093750e+02,2.568620300292968750e+02,1.950975036621093750e+02,3.171900634765625000e+02,7.688948822021484375e+01,3.757834777832031250e+02,1.890637054443359375e+02,2.766558408737182617e+00,1.392175903320312500e+02,2.121113891601562500e+02,2.161708984375000000e+02,3.114075851440429688e+01,7.889221191406250000e+01,3.524337158203125000e+02,2.172530059814453125e+02,9.700722098350524902e-01,9.979903697967529297e-02,7.607394456863403320e-01,4.731253385543823242e-01,4.045673608779907227e-01,8.581151962280273438e-01,2.106599211692810059e-01,5.937534570693969727e-01,4.753621816635131836e-01,3.699620366096496582e-01,9.098739624023437500e-01,1.080604791641235352e-01,6.136738657951354980e-01,6.292486190795898438e-01,3.283004760742187500e-01,5.729787349700927734e-01,3.226271271705627441e-01,2.683051824569702148e-01,1.519951224327087402e-01,7.331138253211975098e-01,4.425163269042968750e-01,3.465640544891357422e-02,6.608800888061523438e-01,9.976739287376403809e-01,4.641306400299072266e-02,8.853747844696044922e-01,7.806704044342041016e-01,2.694076299667358398e-02,2.964776754379272461e-01,1.172244548797607422e-01,8.375498652458190918e-01,3.718399405479431152e-01,9.449934959411621094e-01,8.727872371673583984e-02,9.345556497573852539e-01,6.845002174377441406e-01,4.176563024520874023e-02,3.084153532981872559e-01,8.599966764450073242e-02,8.443236351013183594e-02,1.381259560585021973e-01,9.711332321166992188e-01,1.246732473373413086e-02,9.529696106910705566e-01,7.082590460777282715e-01,8.979563117027282715e-01,7.176983356475830078e-01,5.784237384796142578e-01,6.734026074409484863e-01,8.633909225463867188e-01,7.708168029785156250e-01,1.305130720138549805e-01,8.623876571655273438e-01,5.863221287727355957e-01,3.999882936477661133e-01,4.623412489891052246e-01,8.689795732498168945e-01,1.798614859580993652e-01,2.606914639472961426e-01,2.651696205139160156e-01,1.413109302520751953e-01,7.945325374603271484e-01,2.022908926010131836e-01,7.289758920669555664e-01,4.078720808029174805e-01,6.599664092063903809e-01,7.062764167785644531e-01,4.786072969436645508e-01
1.444823913574218750e+02,4.294731903076171875e+01,3.865100708007812500e+02,2.229122924804687500e+02,8.235972595214843750e+01,1.547247161865234375e+02,2.068707885742187500e+02,2.156395568847656250e+02,6.705147266387939453e+00,9.326098632812500000e+01,2.734421691894531250e+02,2.161653289794921875e+02,5.066490554809570312e+01,7.183779907226562500e+01,2.908872070312500000e+02,2.179892120361328125e+02,2.182032318115234375e+02,8.583369445800781250e+01,3.763802185058593750e+02,2.133045349121093750e+02,2.016866922378540039e+00,1.346053466796875000e+02,2.088315124511718750e+02,2.162003326416015625e+02,3.192113342285156250e+02,7.850214385986328125e+01,3.760979919433593750e+02,1.833983764648437500e+02,2.309662170410156250e+02,8.799494934082031250e+01,3.660206909179687500e+02,2.121570739746093750e+02,4.402343368530273438e+01,7.729035949707031250e+01,2.799772949218750000e+02,2.122122955322265625e+02,7.628180694580078125e+01,1.284456939697265625e+02,2.366232452392578125e+02,2.066818542480468750e+02,9.322450757026672363e-01,1.415192484855651855e-01,2.154554128646850586e-01,5.901620388031005859e-01,9.618633985519409180e-01,3.506588935852050781e-02,9.801706671714782715e-01,7.812343835830688477e-01,1.637780666351318359e-02,7.406823635101318359e-01,7.210278511047363281e-01,6.751818060874938965e-01,6.659978032112121582e-01,4.019482731819152832e-01,9.117640256881713867e-01,2.086243033409118652e-01,8.967756032943725586e-01,8.430880308151245117e-01,4.962103962898254395e-01,6.655277609825134277e-01,5.806360244750976562e-01,7.523165345191955566e-01,2.899577021598815918e-01,9.133374691009521484e-01,3.967589139938354492e-02,6.241430044174194336e-01,4.684365391731262207e-01,3.593766689300537109e-01,4.537717700004577637e-01,1.865751743316650391e-01,6.286054253578186035e-01,5.344766378402709961e-02,7.095310091972351074e-01,3.120275139808654785e-01,2.188891768455505371e-01,5.498130321502685547e-01,7.591999173164367676e-01,2.437003850936889648e-01,1.396291851997375488e-01,5.073027014732360840e-01,7.976287007331848145e-01,5.041311979293823242e-01,3.815859556198120117e-02,1.739200353622436523e-01,8.284808993339538574e-01,9.093846678733825684e-01,1.462050080299377441e-01,9.786285758018493652e-01,2.198643684387207031e-01,8.180119395256042480e-01,9.157332181930541992e-01,7.799885869026184082e-01,9.670606851577758789e-01,4.475867152214050293e-01,8.880810141563415527e-01,5.868003964424133301e-01,2.098132967948913574e-01,4.918463230133056641e-01,7.924417853355407715e-01,9.772431850433349609e-01
1.364802551269531250e+02,5.078855895996093750e+01,3.906462097167968750e+02,2.229397735595703125e+02,0.000000000000000000e+00,8.580121612548828125e+01,3.114042968750000000e+02,2.090548706054687500e+02,7.349020957946777344e+00,1.438185729980468750e+02,2.028255615234375000e+02,2.159216766357421875e+02,7.062648773193359375e+01,1.191873245239257812e+02,2.677104797363281250e+02,2.044896392822265625e+02,8.245675659179687500e+01,1.568482208251953125e+02,2.068956604003906250e+02,2.157639770507812500e+02,2.064305877685546875e+02,8.930826568603515625e+01,3.791249084472656250e+02,2.126854553222656250e+02,4.425973510742187500e+01,1.061556396484375000e+02,3.681458129882812500e+02,2.128764648437500000e+02,1.466297435760498047e+01,8.516988372802734375e+01,3.033342895507812500e+02,2.102528686523437500e+02,3.139695434570312500e+02,8.822341918945312500e+01,3.753249511718750000e+02,1.807305908203125000e+02,1.417933106422424316e-01,9.757660031318664551e-01,9.310871362686157227e-02,9.890338778495788574e-01,9.229106903076171875e-01,3.143842220306396484e-01,9.411914348602294922e-01,3.688031435012817383e-02,5.919694900512695312e-03,3.776849508285522461e-01,7.965955138206481934e-01,8.714858293533325195e-01,3.193225860595703125e-01,8.380072116851806641e-01,2.369963526725769043e-01,6.356963515281677246e-01,9.042996764183044434e-01,3.956708908081054688e-01,8.515349030494689941e-01,1.070948839187622070e-01,6.004850864410400391e-01,3.035730123519897461e-01,3.244296312332153320e-01,3.780480623245239258e-01,1.285205483436584473e-01,5.378430485725402832e-01,2.285676598548889160e-01,4.520366191864013672e-01,1.486613750457763672e-01,2.476316094398498535e-01,8.360404372215270996e-01,2.372412681579589844e-01,8.633117675781250000e-01,6.182411909103393555e-01,8.348729014396667480e-01,5.015842914581298828e-01,9.194803237915039062e-02,4.631039500236511230e-01,1.076849102973937988e-01,9.431955218315124512e-01,4.716587066650390625e-02,6.189270615577697754e-01,7.096759080886840820e-01,2.906320691108703613e-01,8.474016189575195312e-02,9.032488465309143066e-01,7.443804740905761719e-01,3.905566930770874023e-01,7.538573145866394043e-01,3.687635064125061035e-01,9.235258102416992188e-01,5.424382090568542480e-01,9.573346972465515137e-01,3.343403935432434082e-01,3.621218800544738770e-01,6.350324749946594238e-01,6.165559887886047363e-01,7.102039456367492676e-01,9.509049057960510254e-01,1.545817255973815918e-01,4.809949398040771484e-01,2.999563217163085938e-01,2.867619991302490234e-01,6.804896593093872070e-01
1.508569030761718750e+02,7.560005950927734375e+01,3.737090454101562500e+02,2.219273223876953125e+02,3.145001220703125000e+02,9.147395324707031250e+01,3.768136291503906250e+02,1.831545715332031250e+02,6.905108928680419922e+00,9.197874450683593750e+01,2.762854309082031250e+02,2.167515869140625000e+02,8.345549774169921875e+01,1.593007659912109375e+02,2.037893066406250000e+02,2.166217498779296875e+02,3.161178283691406250e+02,7.994324493408203125e+01,3.799062805175781250e+02,1.904472351074218750e+02,1.044529914855957031e+01,1.469227752685546875e+02,1.995849456787109375e+02,2.161578979492187500e+02,2.806439399719238281e+00,2.901226043701171875e+01,3.487276916503906250e+02,2.114781799316406250e+02,1.978932495117187500e+02,9.087938690185546875e+01,3.800971374511718750e+02,2.137949676513671875e+02,2.085699157714843750e+02,8.854359436035156250e+01,3.763123474121093750e+02,2.171398010253906250e+02,4.759127044677734375e+01,7.393519592285156250e+01,2.972284545898437500e+02,2.172662658691406250e+02,1.311336708068847656e+01,8.104270172119140625e+01,2.916820678710937500e+02,2.110100097656250000e+02,2.923145294189453125e-01,2.969313263893127441e-01,2.444428801536560059e-01,6.851932406425476074e-01,5.898567438125610352e-01,5.383461117744445801e-01,1.148329377174377441e-01,1.336951851844787598e-01,8.272996544837951660e-01,5.283199548721313477e-01,8.279036879539489746e-01,5.755462646484375000e-01,7.792457342147827148e-01,6.829646825790405273e-01,7.691201567649841309e-01,3.354144096374511719e-01,7.939240336418151855e-01,6.483512520790100098e-01,6.805573701858520508e-01,5.578000545501708984e-01,5.124950408935546875e-02,2.660249471664428711e-01,2.878170609474182129e-01,6.064455509185791016e-01,8.739380240440368652e-01,5.840957760810852051e-01,9.210194349288940430e-01,2.423942089080810547e-02,2.017603516578674316e-01,8.956264853477478027e-01,5.847405791282653809e-01,4.224482774734497070e-01,3.793556094169616699e-01,9.203995466232299805e-01,3.031787276268005371e-01,5.848140716552734375e-01,6.010814905166625977e-01,8.405850529670715332e-01,9.590385556221008301e-01,2.040858268737792969e-01,8.034013509750366211e-01,9.098508954048156738e-01,6.843785643577575684e-01,3.417923450469970703e-01,9.232914447784423828e-01,7.024600505828857422e-01,1.908439993858337402e-01,3.315892815589904785e-01,8.655360937118530273e-01,7.861807346343994141e-01,8.037389516830444336e-01,5.042555332183837891e-01,4.505711793899536133e-01,4.336308240890502930e-01,4.203609824180603027e-01,2.136045694351196289e-01
8.367554473876953125e+01,1.598415527343750000e+02,2.027200164794921875e+02,2.167994384765625000e+02,8.318199157714843750e+00,8.055456542968750000e+01,3.068515014648437500e+02,2.120675964355468750e+02,1.678995056152343750e+02,7.433820343017578125e+01,3.746154785156250000e+02,2.225276947021484375e+02,7.427677917480468750e+01,1.291870880126953125e+02,2.653027343750000000e+02,2.096479492187500000e+02,1.959689025878906250e+02,8.997157287597656250e+01,3.836333618164062500e+02,2.155837097167968750e+02,2.075694885253906250e+02,8.781027984619140625e+01,3.786874084472656250e+02,2.188234405517578125e+02,2.469080810546875000e+02,8.635376739501953125e+01,2.888465881347656250e+02,1.333067016601562500e+02,1.664817199707031250e+02,8.694666290283203125e+01,3.658408203125000000e+02,2.181463012695312500e+02,1.301823329925537109e+01,7.949967193603515625e+01,2.944591979980468750e+02,2.121376495361328125e+02,2.738949060440063477e+00,1.291431579589843750e+02,1.539448242187500000e+02,2.157467041015625000e+02,2.918948531150817871e-01,9.606843590736389160e-01,4.264105558395385742e-01,4.056838154792785645e-01,8.180522322654724121e-01,9.610929489135742188e-01,9.662905931472778320e-01,7.402285337448120117e-01,1.482271552085876465e-01,4.797034859657287598e-01,5.737472772598266602e-01,3.406981229782104492e-01,1.887530088424682617e-02,8.867910504341125488e-01,2.771869897842407227e-01,7.097696661949157715e-01,9.771233201026916504e-01,6.190025806427001953e-01,8.115118741989135742e-01,1.972556114196777344e-03,4.771915078163146973e-01,3.184729814529418945e-01,2.394093871116638184e-01,2.228121161460876465e-01,2.916930317878723145e-01,1.299214363098144531e-02,6.492367982864379883e-01,6.039279699325561523e-02,3.556340932846069336e-01,5.329700112342834473e-01,3.154644966125488281e-01,1.762257814407348633e-01,8.406589031219482422e-01,3.174509406089782715e-01,5.090834498405456543e-01,6.949461698532104492e-01,8.523024320602416992e-01,9.324046969413757324e-01,6.071496009826660156e-01,2.031579017639160156e-01,5.297947525978088379e-01,7.140889763832092285e-01,5.833371281623840332e-01,9.865255951881408691e-01,8.545393943786621094e-01,7.865908741950988770e-01,8.739445805549621582e-01,1.188145875930786133e-01,8.713701963424682617e-01,1.369365453720092773e-01,8.954306244850158691e-01,9.083646535873413086e-02,3.693107962608337402e-01,6.183280944824218750e-01,7.455484271049499512e-01,4.981552362442016602e-01,3.278970122337341309e-01,9.711140394210815430e-01,4.592298269271850586e-01,5.052515268325805664e-01
1.702733764648437500e+02,7.298493957519531250e+01,3.759398803710937500e+02,2.214468994140625000e+02,8.093830871582031250e+01,1.601880645751953125e+02,2.011663208007812500e+02,2.172129821777343750e+02,1.759460830688476562e+01,7.574856567382812500e+01,2.991884765625000000e+02,2.085221099853515625e+02,6.964858245849609375e+01,1.251328125000000000e+02,2.696286315917968750e+02,2.102754669189453125e+02,2.239205169677734375e+02,8.552071380615234375e+01,3.822969970703125000e+02,2.135223388671875000e+02,4.513906097412109375e+01,1.089735031127929688e+02,3.162898864746093750e+02,2.161198120117187500e+02,2.222570228576660156e+01,8.694645690917968750e+01,3.042075500488281250e+02,2.134338226318359375e+02,1.650486297607421875e+02,1.264861145019531250e+02,2.610355834960937500e+02,2.169342193603515625e+02,3.160116882324218750e+02,9.769208526611328125e+01,3.789970703125000000e+02,1.895136260986328125e+02,9.645588397979736328e-01,1.186086196899414062e+02,2.198064270019531250e+02,2.181270446777343750e+02,2.233945159912109375e+02,9.550950622558593750e+01,3.704219055175781250e+02,2.146431579589843750e+02,7.824770808219909668e-01,8.095999956130981445e-01,3.018074631690979004e-01,8.187414407730102539e-01,6.034775972366333008e-01,1.859665513038635254e-01,4.645162820816040039e-01,7.450218796730041504e-01,6.362865567207336426e-01,3.047946095466613770e-01,5.444867014884948730e-01,7.780537605285644531e-01,9.674948453903198242e-02,9.624274969100952148e-01,5.617311000823974609e-01,7.817182540893554688e-01,2.218808531761169434e-01,6.774389147758483887e-01,8.312798738479614258e-01,7.106698751449584961e-01,4.755848646163940430e-02,8.311874270439147949e-01,5.692492723464965820e-01,2.167332768440246582e-01,3.979594111442565918e-01,4.084209203720092773e-01,4.729861021041870117e-01,1.780641078948974609e-02,9.359630942344665527e-01,4.702049493789672852e-01,2.069755792617797852e-01,1.588428616523742676e-01,3.175127506256103516e-02,1.602119803428649902e-01,4.569479823112487793e-01,7.799589037895202637e-01,2.918119430541992188e-01,8.435806035995483398e-01,8.156424164772033691e-01,2.299432158470153809e-01,4.245327115058898926e-01,2.757307887077331543e-01,7.778756022453308105e-01,3.211032748222351074e-01,7.242310643196105957e-01,5.728526711463928223e-01,6.861593723297119141e-01,4.287292361259460449e-01,5.161690711975097656e-02,2.178778052330017090e-01,8.372648358345031738e-01,8.275845646858215332e-01,3.295186758041381836e-01,4.923755526542663574e-01,9.602606296539306641e-03,9.573894739151000977e-02
